RT @peachybxcky: This is the cutest thing EVER. Mark went for a fist bump then got shot down so he kept it to himself only to see Chadwick‚Ä¶,negative
"RT @NewHopeSabs: #LoveUAndWeDntEvenKnowWhy because you remind me that all we have is love, and you were my first love. @SabrinaAnnLynn http‚Ä¶",positive
I love you red nose https://t.co/yddQLpzNAq,positive
RT @ihatezand: AND ANOTHER THING.... thank u for playing up to the ‚Äúbi girls just love threesomes!!!‚Äù stereotype with the ‚Äúwe got with a gu‚Ä¶,positive
"RT @JepicHQ: Loads of Love ‚ù§Ô∏è 
#Pikachu #kawaii #Pokemon #Pokeball #Jedward https://t.co/UF7H5DiY4C",positive
@Kash1Shmoney Oh okay just making sure haha üíãüíãüíãüíï,positive
@Post_Malone50 @MakennaGott @FratelliPizzaAz We will look into it! Would love to blog some food there!,positive
"‚ô™I want to love you, every day and every night‚ô™
Is This Love de Bob Marley &amp; The Wailers 
#UnDiaComoHoy de 1981 mue‚Ä¶ https://t.co/jAjZtasCkI",positive
Happy #internationalnursesday my work #family forever #nurses #NursesWeek  #heros #angels LOVE THESE GUYS x‚Ä¶ https://t.co/5Qb08SbLKb,positive
"I always forget that no matter what Lena Dunham does, I love her writing. And then I remember... https://t.co/liCQXFJOAI",positive
"RT @yxggyeomie: PLEASE RT THIS,  I WANT IT TOO MUCH AND IT WOULD MAKE ME VERY HAPPY I RETURN THE RT. @MerchGiveawaysz 
#BLACKPINKISCOMING #‚Ä¶",positive
"RT @FaZeRug: SURPRISE!! After months of preparing, it‚Äôs FINALLY HERE!! My OFFICIAL RUG MERCH - https://t.co/HSIDfCL3xZ

T-shirt‚Äôs, hoodies,‚Ä¶",negative
I love the way you scream my name.,positive
RT @SpacePorns: In love https://t.co/LxPaOZYEww,positive
I love you!,positive
